id;doc_title;date_document;link_document;type_document
1;bypassing granular Usability;2019-12-17T04:06:46;Borders Borders Practical;BIRTHACT
2;Danish Krone parse;2019-12-17T01:21:27;back-end Unbranded Cambridgeshire;PHOTOS
3;circuit Guam;2019-12-17T03:24:55;Liaison;PHOTOS
4;Algerian Dinar Fantastic Fresh Salad;2019-12-17T03:24:20;Sleek;TESTRESULT
5;PCI SAS;2019-12-17T14:40:29;Principal Pennsylvania dynamic;BIRTHACT
6;National;2019-12-17T17:41:11;Bedfordshire Tools;OTHER
7;quantifying;2019-12-17T02:29:39;Naira Versatile seize;PHOTOS
8;Assistant Industrial;2019-12-16T21:04:42;Incredible Fresh Car Tuvalu;PHOTOS
9;Tuna magenta;2019-12-17T13:17:14;Orchestrator Naira;OTHER
10;Regional;2019-12-17T09:25:10;Money Market Account;TESTRESULT
