id;licence_num;groupe_name;document;first_name;last_name;sexe;bearthday;phone_number;e_mail;address;study_time
1;Lempira;pixel withdrawal;88721;Kelley;Kovacek;AUTRE;2019-12-17T03:02:01;Robust Networked;;Small partnerships;Outdoors
2;Harbor Montana;Corporate Phased relationships;75555;Columbus;Farrell;AUTRE;2019-12-17T05:22:14;modular Refined Squares;;EXE projection Fresh;support Gorgeous
3;withdrawal;copying;86073;Ellsworth;Adams;FEMME;2019-12-17T08:43:09;Bahamian Dollar;;Gloves sky blue Oklahoma;robust Engineer
4;Exclusive Moroccan Dirham card;zero tolerance;3688;Dock;Mohr;HOMME;2019-12-17T04:01:06;Lebanon;;Handmade 24/7 Re-contextualized;web-enabled invoice withdrawal
5;bypassing optical;installation;18651;Maurice;Bauch;FEMME;2019-12-17T00:55:38;turn-key;;disintermediate Cambridgeshire hacking;bricks-and-clicks Concrete Global
6;Fiji Dollar Profound Bacon;Macao Equatorial Guinea Vision-oriented;9310;Virgil;Treutel;FEMME;2019-12-17T13:39:44;Saint Helena Pound programming;;Marketing;Dynamic Home Loan Account Tools
7;Branding;Home Gloves Latvia;69189;Isaias;O'Hara;HOMME;2019-12-17T16:03:48;world-class program alarm;;Berkshire;dedicated Persevering
8;Coordinator Cambridgeshire Investor;cross-platform Borders;57690;Marcella;Kulas;HOMME;2019-12-17T01:54:36;Intelligent Frozen Sausages Villages;;back up Factors;architectures
9;Wisconsin Facilitator Incredible;reinvent;85113;Domenick;Halvorson;AUTRE;2019-12-17T00:05:39;Intranet Ergonomic Concrete Soap Zambian Kwacha;;portal calculating Metal;real-time discrete redundant
10;Synergistic Personal Loan Account Sleek;Borders;79829;Clemmie;O'Conner;AUTRE;2019-12-17T19:08:12;FTP Tools California;;Towels Specialist;Utah Computers Small Fresh Gloves
